first_name;last_name;usuario;senha;;;
Maria;Souza;Msouza;MariaSouza@1;;;
Leandro;Silva;LeandroSil;LeandroSilva@1;;;
Thiago;franco;Thfranco;Thiagofranco@1;;;
Silvana;Rodrigues;Srodrigues;SilvanaRodrigues@1;;;
Pedro;dias;PEdrodias1;PedroDias@1;;;
Joao;Marcos;joao;123456;;;Usuario Invalido (6)
Pedro;dias;PEdrodias2;PedroDias@2;;;
Pedro;dias;PEdrodias3;PedroDias@3;;;
Pedro;dias;PEdrodias4;PedroDias@4;;;
Pedro;dias;PEdrodias5;PedroDias@3;;;
Pedro;dias;PEdrodias6;PedroDias@3;;;
Pedro;dias;PEdrodias7;PedroDias@3;;;
